sku,abc,unit_cost,lead_time_days,avg_daily_demand,std_daily_demand,annual_demand,annual_value,safety_stock,reorder_point_rop
SKU-003,A,31.312553700541443,12,27.616666666666667,9.18932997071791,10080.0,315630.54130145774,53.0,384.0
SKU-005,A,22.796540208280177,5,33.13333333333333,2.4249177282333854,12094.0,275701.35727894044,9.0,175.0
SKU-001,A,20.83323981950376,5,24.0,7.288253842162511,8760.0,182499.18081885294,27.0,147.0
SKU-002,B,34.627889417770696,7,14.216666666666667,11.506949509129242,5189.0,179684.11818881214,50.0,150.0
SKU-004,C,6.138332023184235,5,33.43333333333333,3.436428312655831,12203.0,74906.06567891722,13.0,180.0
